sf_code,product_type,product_name
 JT839,DRY,Salted Plum 　1Kg
18001,FRZ,Yamatoimo Tororo
18003,FRZ,Nanban Yaki Tare
02a,FRZ,Trout Roe 500g (SMELLY)
02Aa,FRZ,Trout Roe 200g (SMELLY)
AFS01,FRZ,Beef Tongue
APC02,DRY,12OZ Smoothe double wall Kraft Coffee Cup (Sushi Break)
APC03,DRY,12OZ Smoothe double wall Kraft Coffee Cup (PLAIN)
AS12,FRZ,Frozen Fresh Cabbage Chop 5mm cut
AS14,FRZ,Frozen Steamed Sweet Potato Paste
AS2,FRZ,Frozen Shallots (White)
AS2?,FRZ,Frozen Shallot
AS7,FRZ,Frozen Blanched Pumpkin Slice
ASF01,FRZ,Frozen Salted Soybeans 400g
ASF03,FRZ,Frozen Boiled Edamame Jumbo Soybean (SLB)  500g
ASF05,FRZ,Frozen Boiled Edamame Jumbo Soybean (SLB)  500g
ASF06,FRZ,Frozen Boiled Soybeans Third Grade (SLB) 400g
ASF07,FRZ,Frozen Edamame Bean (MUKIMAME) 500g
BBC01a,DRY,8 oz / 225ml Round Container
BBC02a,DRY,16 oz / 450ml Round Container
BBC03a,DRY,Round Lids
BBC04a,DRY,1050ml Bowl
BBC05a,DRY,Bowl Lids
BBC06a,DRY,B500 (Rec) Freezer Grade
BBC07a,DRY,B1000 (Rec) Freezer Grade
BBC08a,DRY,Rectanglar Lid (B500/1000用) Freezer Grade
BBC10a,DRY,20oz/560ml Round Container
BBC11,DRY,500ml Rectangular Container Normal Grade
BBC12,DRY,1000ml Rectangular Container Normal Grade
BBC13,DRY,Rectangular Lid Normal Grade
BE02,FRZ,Chicken Thigh Katsu Skin Off 
BEC,FRZ,Born In belly for Gamushara
BEC02,DRY,BE Campbell Pork Strip Loin rindless MI Bone less -GJ
BEC03,FRZ,BE Campbell Pork Belly Rindless Bone less
Blue01Aa,DRY,Blue mountain water 600ml
Blue01Ab,DRY,Blue mountain water 600ml
Blue01Ac,DRY,Blue mountain water 600ml
BV,FRZ,Salmon For Shiosake
BV17,FRZ,Prawn Cutlet Banana 16/20
BV36A,FRZ,SALMON FILLET C Trim 1.4-1.8kg (app 16kg/ctn)
BV36Aa,FRZ,SALMON FILLET C Trim 1.4-1.8kg (app 16kg/ctn)
BV43,FRZ,Prawn Cutlet 26/30 Marinated Garlic  B/T(SeaFrost)
BV45a,DRY,SOY SAUCE LESS SALT  AKARI
BV46a,DRY,SOY SAUCE Premium Japanese less salt AKARI
BV48,FRZ,Salmon Tail Potions 100/150 vac/pac B/less
BV57,DRY,SOY SAUCE (BAG IN BOX) AKARI
BV58,DRY,Sauce & Marinade Teriyaki Premium Papanese
CCA01,FRZ,Coca-Cola 375mL
CCA01d,DRY,Coke 375ml Can
CCA03,DRY,Coke Zero 375mL
CCA04,DRY,Sprite 375mL
CCA04c,DRY,Sprite 375ml Can
CCA26b,DRY,Coke No Sugar 375ml Can
CDY01,DRY,Roasted Seaweed 100sht  (中国産) July 6
CDY02,DRY,Roasted Seaweed Half Cut 100sht (中国産)  NOV 5
CDY03,DRY,Roased Seaweed 1/7cut 100sheets  (中国産)  NOV 15
CDY05,DRY,Moist Wipe (Sushi Train)
CDY07,DRY,Sushi Ginger White(ST) APR5
CDY07A,DRY,Sushi Ginger White(ST)
CDY08,DRY,Sushi Ginger White(SD) APR11
CDY10,DRY,Roased Seaweed 10sheets(Blue)
CDY11,DRY,Pickled Ginger Pink 5g  SEP 13
CDY13,DRY,Roasted Seaweed KIZAMI 100g
CDY13A,DRY,Roasted Seaweed KIZAMI 100g
CDY14,DRY,Freeze-dry Miso Soup10.5g June1
CDY15,DRY,Pickled Radish Strips (Red) AKATAKUWAN
CDY16,DRY,Roasted Seaweed ONIGIRI FILM 100sht
CDY17,DRY,Dried Seaweed AOSA 100g Green label
CDY18,DRY,Roasted Seaweed Hand Roll Sushi FILM 100sht
CDY19,DRY,Moist Wipe  (Sushi Train) Patterned
CF14,FRZ,Ginger Paste 500g 16pk/ctn
CF5,FRZ,SKEWERS CRUMBED FISH FRY
CFS01,DRY,1050(White)Plastick Bowls
CFS02,DRY,1050(White)Plastick Bowls Lids
CHA01,FRZ,Frozen Roasted Eel 35P Bulk
CHA04,FRZ,Frozen Roasted Eel Slice 10g
CHA04HS,FRZ,Frozen Roasted Eel Slice 10g
CHA05,FRZ,Eel Fillet Unaju cut 12pc (for Yayoi)
CHA07,FRZ,Roasted Eel Tail
CHA08,FRZ,Frozen Roasted Eel 30P VACUUM
CHA09,FRZ,Frozen Roasted Eel 35P VACUUM
CHA10,FRZ,Frozen Roasted Eel 50P VACUUM
CHA10JFT,FRZ,Frozen Roasted Eel 50P VACUUM  JFT
CHA12,FRZ,Frozen Roasted Eel 70P VACUUM
CHA13,FRZ,Frozen Roasted Eel Shirayaki 30P
CHA14,FRZ,Frozen Roasted Eel Shirayaki 35P
CHA15,FRZ,Frozen Roasted Eel Shirayaki 40P
CHA16,FRZ,Frozen Roasted Eel Shirayaki 45P
CHA17,DRY,Frozen Roasted Eel 25P Bulk Less Sauce
CHA18,FRZ,Frozen Roasted Eel 30P Bulk Less Sauce
CHA19,DRY,Frozen Roasted Eel 35P Bulk Less Sauce
CHA20,DRY,Frozen Roasted Eel 40P Bulk Less Sauce
CHA21,FRZ,Frozen Roasted Eel 45P Bulk Less Sauce
CHA22,FRZ,Frozen Roasted Eel 50P Bulk Less Sauce
CHA23,FRZ,Frozen Roasted Eel 60P Bulk Less Sauce
CHA24,FRZ,Frozen Roasted Eel 25P Bulk
CHA26,FRZ,Frozen Roasted Eel 60P Bulk
CHO01,DRY,CHOC COATED PRETZEL STICK　35gx2
CHO02,DRY,CHOC COATED PRETZEL STICKS THIN
CHO06,DRY,Cococa Cream Coated Cookie RUMANDO 96.2g
CHO07,DRY,Chocolate Cookie ALFORT MINI 59g
CHO08,DRY,Chocolate Pretzels TOPPO 72g
CHO09,DRY,Chocolate Pretzels TOPPO Bitter 72g
CHO10,DRY,Chocolate Pie PAI NO MI 73g
CHO11,DRY,STRAWBERRY CHOC COATED PRETZEL STICKS 27.5gx2
CLV03,FRZ,Frozen Salmon Portions (SKIN OFF)
CLV05,FRZ,"Frozen Salmon Fillet, B-grade,D-trim"
CLV07,FRZ,Frozen Raw Salmon Portion
CLV09,FRZ,FRZ Salmon pieces - skin off 1kg/pack
Code Required,FRZ,Salmon Roe Salted 600g x 9jar (10.80KG)
Code to check,FRZ,Frozen IQF Whole creaned Baby octopus
COF01,DRY,Frozen Fried Eggplant Tempura
COF02,DRY,Frozen Fried Carrot & Pumpkin Tempura
COF03,DRY,Frozen Fried Okura Tempura
COF04,FRZ,Frozen Fried Long bean (ingen) Tempura
COF05,DRY,Frozen Fried Sweet Potato Tempura
COF06,FRZ,Frozen Fried Eggplant (half cut)
COF07,FRZ,Frozen Fried Small Eggplant (konasu)
COF10,FRZ,Frozen Fried Eggplant with shrimp paste
COF11,FRZ,Frozen Fried Kakiage 80g (with shrimp)
COF12,FRZ,Frozen Fried Vege Kakiage 80g
COF13,FRZ,Frozen Kakiage Stick 15g 20/bag
COF14,FRZ,Frozen Kakiage Stick 15g 40/bag
COF16,FRZ,Frozen Blanched Okura Slice 500g
COF17,FRZ,Frozen Acerola Seedless
COF18,FRZ,Frozen Mango Half cut
COF19,FRZ,Frozen Mango Chunk
COF20,FRZ,Frozen Water Melon Dice Cut
COF21,FRZ,Frozen Sweet Potato in Syrup Coin Cut
COF22,FRZ,Fried Sweet Potato Stick Cut
COF23,FRZ,Frozen Steamed Sweet Potato Slice Cut
COF24,FRZ,Frozen Fried Pumpkin Tempura
COF25,FRZ,Frozen Kakiage Stick 15g 20/bag SF (red)
COF26,FRZ,Frozen Kakiage Stick 15g 20/bag NF (clear)
COF27,DRY,Frozen Kakiage Stick 15g 40/bag JP (yellow)
COF28,FRZ,Frozen Kakiage Stick 15g  (BROKEN)
COF29,FRZ,Banched Okura Whole 500g
COF30,FRZ,Frozen Pineapple Skewer 85g
CP01f,DRY,HDPE Plain Natural Liner Bag (Shari)
CP02e,DRY,HDPE Plain Natural Liner Bag (Karaage)
CP03a,DRY,HD NAT Loose Sheets
CP04a,DRY,HDPE Plain Natural Liner Bag (Chicken Katsu)
CP05Aa,DRY,HD PLAIN LOOSE SHEETS (Silver tray)
CP06b,DRY,MDPE NAT P.O.R. TROLLEY BAGS
CRL01A,FRZ,Fz Tuna Steak 150g-180g Repacked
CST01,FRZ,Frozen Breaded Squid Ring
CST03,DRY,Frozen Squid KARAAGE (Tentacle + Cartilage)
CST04,FRZ,Frozen  Squid CARTILAGE on Skewer 60g
CST05,FRZ,Frozen  Squid BEAK on Skewer 60g
CST06,FRZ,Frozen Squid TENTACLE
CST07A,FRZ,FROZEN SQUID (CUT OPEN) 120-140g
CST07E,FRZ,FROZEN SQUID (CUT OPEN) 201-220+g
DAI01A,FRZ,Frozen Crumbed Croquette (Seafood)
DAILY,FRZ,DAILY pallet
DH01,FRZ,Frozen Seasoned Seaweed SF 1kg 
DH02,DRY,Frozen Seasoned Seaweed UIE 1kg (NO MSG)
DH03,FRZ,Frozen Seasoned Seaweed SF 250g (NO MSG)
DH04,FRZ,Boiled Chilli Fish Roe (Alaska Pollack)
DH05,FRZ,Boiled Fish Roe (Alaska Pollack)
DH07,FRZ,Kelp (C Grade) - Semi Dry
DH08,FRZ,Kelp (C Grade) - Dry
DH08A,FRZ,Kelp (C Grade) - Dry
DH08B,FRZ,Kelp (C Grade) - Dry
DH09,DRY,Wakame -ME
DH11,FRZ,Sea Urchin 
DH11A,FRZ,Sea Urchin 100g 
DH12,FRZ,Sea Urchin - IQF
DH13A,FRZ,Freshwater Clam - IQF
DH14,FRZ,Short-neck Clam (Long Boil)
DH17,FRZ,Akagai (21/25)
DH19,FRZ,Dried Wakame Seaweed (B Grade)
DH20,FRZ,Dried Wakame Seaweed (Retail)
DH21,FRZ,Kelp (Salted) - Enzo
DH23,FRZ,Concentrated Short-neck Clam Extract
DH24,FRZ,Clean Shells (Orient Clam Shells - No Meat)
DH25,FRZ,Ishigaki Gai (26/30)
DH27,FRZ,Ikura (1kg)
DH32,DRY,Lunch Box ATZ-020
DH33,DRY,Lunch Box 306
DH34,DRY,Lunch Box 307
DH35A,FRZ,Frozen Seasoned Seaweed JFT 1kg B
DH37,FRZ,Frozen Seasoned Seaweed 1kg JFT (Gluten Free/NO MSG)
DH37A,FRZ,Frozen Seasoned Seaweed 1kg (Gluten Free/NO MSG)
DH40,DRY,Container J-100 (Sea Urchin)
DH41,FRZ,Rock Sugar 10kg
DH42,FRZ,Tooth Fish Neck Meat 100-150g
DH44,DRY,Short-neck Clam 150g (Vacuum Pack)
DH45,FRZ,Ika Ichiya Boshi
DH46,DRY,Ika Ichiya Boshi Package
DH47,FRZ,Tooth Fish Neck Meat 150-200g
DH48,DRY,Thermal Pack (Aluminium foil) 
DH49,FRZ,Ika Ichiya Boshi (Broken)
DH50,FRZ,Frozen Seasoned Seaweed 1kg Pack (Normal 100%)  Sweeten
DH51,FRZ,Frozen Seasoned Seaweed 1kg Pack Normal 100% Fungus Added  
DH52,FRZ,Blood Clam - Akagai 10g
DH53,FRZ,wakasagi Fish   (Sweetened Stewed Smelt)
DH54,FRZ,Sugar Preserved Plum
DQS01A,FRZ,Sea Urchin 100g 
DW,FRZ,Frozan Battered Sweet Potato
DW10a,DRY,Tonkotsu Sauce Ariake 1.8L
Dw16a,DRY,Modify Tapioka Starch25kg (GELPROA65)
DW16a,DRY,Modify Tapioka Starch25kg (GELPROA65)
DW17a,DRY,Oriental Funmatsu (Powdered) Kansui Red
DW18a,DRY,Oriental Funmatsu (Powdered) Kansui Blue
DW19,DRY,UMAMI VEGETABLE OIL Tin 20L
DW21,DRY,Cooking Salt 10kg
DW22,FRZ,UMAMI I Love Tofu 750g
DW23,FRZ,Daiwa Cut Wakame 500g
DW23a,DRY,Daiwa Cut Wakame 500gm
DW40,DRY,Castaway Chux Roll Blue 45mx30cm
DW69,FRZ,Tempura Sweet Potato 500gm
EBP03a,DRY,White Charcoal
EBP04,DRY,BBQ Sawdust Briquette (Good quality)
FNW01,DRY,Paper bags with handle size L
FNW02,DRY,Paper bags without handle size S
FO03,FRZ,Frozen Breaded Peeled Tail on Prawn - 3L(VIT)
FO04,FRZ,Frozen Battered Cooked Prawn Tempura - 31/35(VIT)
FO04A,FRZ,Frozen Battered Cooked Prawn Tempura - 31/35(VIT) New Package
FO06,FRZ,Frozen Battered Cooked Prawn Tempura - 21/25 A(VIT)
FO09,FRZ,Ebi Fry 61/70 (No tail)
FO13,FRZ,Frozen Breaded Prawn cutlets 40g (Round Shape)
FO15,FRZ,Frozen Breaded Prawn Cutlets 23g (Oval)
FO16,FRZ,(ST) Frozen Breaded Peeled Tail on Prawn Ebi Fry 2Tail (VIT)
FO17,FRZ,Frozen Breaded Peeled Tail-on Prawn Ebi Fry M (Cooked)
FO18,FRZ,Frozen Breaded Peeled Tail on Prawn  (Cooked) - 3L(VIT)
FO19,FRZ,Frozen Breaded Prawn Cutlets (Cooked) 23g (Oval)
FO20,FRZ,Ebi Katsu Stick (Cooked) 18cm 50-55g
FO21,FRZ,Frozen Breaded Peeled Tail on Prawn (Cooked) - ML(VIT)
FSS01,DRY,Shiso-Japanese Green Shiso
FSS02,DRY,Shiso-Japanese Red Shiso
FSS03,DRY,Japanese Wild Parsley(Mitsuba)
FSS04,DRY,Komatsuna(Japanse Mustard spinach)
FSS05,DRY,Mizuna - Green leaf
FSS06,DRY,"Okahijiki (Saltwort, Land Seaweed)"
FUF07,FRZ,Frozen Roasted Conger EEL Jelly
FUF10,FRZ,Frozen Roasted EEL 90g Cut (Y)
GCA01d,DRY,Sugar 25kg Bundaberg
GCA01e,DRY,Sugar 25kg Bundaberg
GCA02b,DRY,Dairy Salt 25kg
GCA02c,DRY,Dairy Salt 25kg
GCA03e,DRY,Brown Sugar 25kg
GCA06,DRY,Tapioka Starch Era 500g
GCA07,DRY,America sweet rice (short grain sticky rice)
GFJ01,FRZ,Frozen Shrimp Shaomai 25g
GFJ02,FRZ,Shrimp Mayonnaise Roll 40g
GFJ03,FRZ,Cabbage & Shrimp Gyoza 25g
GFJ04,FRZ,Corn Cheese Pastry Stick 10g
GFJ05,FRZ,Edamame Pastry Stick 10g
GFJ06,FRZ,Sandwich Bun Half-oval  shape 30g
GFJ06HACHI,FRZ,Sandwich Bun Half-oval  shape 30g
GFJ07,FRZ,Sandwich Bun Half-oval  shape 60g
GFJ08,FRZ,Ebi Fry (GF) 30g
GFJ10,FRZ,Fried Ika Tempura 1kg
GFJ11,FRZ,Shrimp Wonton 15g
GFJ12,DRY,Chives Vegetarian Gyoza(Green) 25g
GFJ13,FRZ,Shrimp Gyoza 25g
GFJ14,FRZ,Ebi Fry (GF) 25g
GFJ15,FRZ,Charcoal Sandwich Bun Black Half-moon shape 30g
GFJ16,FRZ,Sandwich Bun Half-moon shape 30g
GFJ17,FRZ,Sandwich Bun Half-moon shape 60g
GFJ18,FRZ,FROZEN CHIVES - 5mm CUT
GFJ19,DRY,Crispy Calamari And Cheese Bites 20g
GOM01,DRY,Hokkai Seaweed Konbu 80g
GOM02a,FRZ,Dried Anchovy - DASHI
GOM03a,DRY,Black Rice 5Kg
GPM01,FRZ,Ox Tongue Swiss Cut
GZG01e,FRZ,Arabiki Sausage (Plain) 500g
HJL01a,DRY,Sodium bicarbonate 25kg
HNC05,FRZ,Frozen Squid (YARI IKA) SOMEN 1CM
HNC06,FRZ,Frozen Blanched dice-cut  Squid 1CM
HNC08,FRZ,Frozen Tuna neck meat 200-300g
HNC11,FRZ,Frozen Squid (YARI IKA) SUGATA 12g
HUI01,FRZ,Vegetable Spring Roll 18g
IBF04,FRZ,FROZEN ROASTED EEL
IBF06,FRZ,FROZEN SCALLOP HALF SHELL - ROE OFF (M) 8-10cm
IBF08,DRY,SALMON ROE SOY Marinated (KAWAKI) 500g 
IBF09,FRZ,FROZEN OYSTER (IQF) MEAT 1KG
IBF10,FRZ,Frozen Breaded Yellowtail (Aji Fry) 50g
IBF11,FRZ,Frozen Seasoned Pacific Herring Roe (Kazunoko) 500g
IBF12,DRY,FROZEN GREENLAND HALIBUT SLICE (ENGAWA) 8g(JP)
IBF13,DRY,FROZEN GREENLAND HALIBUT SLICE (ENGAWA) 8g(CN)
IBF14,FRZ,Frozen Squid Sugata 15g (Yari Ika Sugata) 15g
IBF15,FRZ,Frozen Rice Dumplings(Soy sauce) 60g
IBF16,FRZ,Frozen Rice Dumplings(Red Bean) 60g
IBF17,FRZ,Frozen Scallops (IQF) Meat  4s (1.5 grade) 
ICE,FRZ,Japanese Ice confectionery ice balls
ICE01,FRZ,Ice Taiyaki Ice  130ml
ICE02,FRZ,Ice Panapp Multi Pack (Ice Cream)
ICE03,FRZ,Ice Mini Yukimi Daifuku Multi Pack
ICE04,FRZ,Yukimi Daifuku(2pc)
ICE05,FRZ,Taiyaki Ice Box 300ml
ICE06,FRZ,Ice Box Maccha Tsubuan Monaka
ICE07,FRZ,Ice Choco Monaka Jumbo
ICE08,FRZ,Mona-ou Vanilla 
ICE09,FRZ,Mona-ou Multi Vanilla 100ml
ICE10,FRZ,Zacrich 105ml
ICE11,FRZ,Ice Gari Gari kun (Grapefruit flavour)   110ml
ICE12,FRZ,Maccha Tsubuan Monaka
ICE13,FRZ,Yawamochi cup (Tsubu-an)
ICE14,FRZ,Ice Azuki Bar
ICE15,FRZ,Ice Soh (Vanilla) 190ml
ICE16,FRZ,Gari Gari kun (Pear flavour) 110ml
ICE17,FRZ,Ice Gari Gari kun (Soda flavour) Multi Pack 7pcs
ICE18,FRZ,Ice Parm Chocolate
ICE19,FRZ,Ice Parm Strawberry White chocolate
ICE20,FRZ,Ice Pino
ICE21,FRZ,Ice Pino choco asorted
ICE22,FRZ,Ice Papico choco coffee
ICE23,FRZ,Ice Papico Multi
ICE24,FRZ,Ice no mi
ICE25,FRZ,Ice Rennyu Milk Bar
ICE26,FRZ,Ice Matcha Green Tea with Red Bean Paste
ICE27,FRZ,Ice Yawamochi Ice (Kyo-Kinako Tsubu-An)
ICE28,FRZ,Ice Super cup Vanilla 200ml
ICE29,FRZ,Ice Super cup Green Tea 200ml
ICE30,FRZ,Ice Super cup Choco Cookie 200ml
ICE31,FRZ,Ice Super cup Mini Vanilla 90ml x 6
ICE32,FRZ,Ice Super cup Mini Cookie Vanilla 90ml x 6
ICE33,FRZ,Ice Tsujiri Macha parfait 175ml
ICE34,FRZ,Ice GOLD Azuki Bar 85ml
ICE35,FRZ,Ice GOLD Milk Kintoki Bar 85ml
ICE36,FRZ,Ice GOLD Matcha Kintoki Bar 85ml
ICE37,FRZ,Giant Cone (Nutty Choc/Choc Cookie/Chocolate)
ICE40,FRZ,COOLISH - Vanilla
ICE45,FRZ,SUNAO Rum Raisin
ICE46,FRZ,ANPAN-MAN (15ml x 3flavour x5pack)
ICE47,FRZ,Ice ICE BOX (Grapefruit) 
ICE48,FRZ,Ice Pino (Grapes & Berries)
ICE49,FRZ,Gari Gari kun (Water melon flavour) 110ml
ICE52,FRZ,Ice Kuri-iri Azuki Monaka 130ml
ICE53,FRZ,Mow Vanilla
ICE58,FRZ,Soft Cone  Vanilla 180ml
ICE59,FRZ,SUNAO Chocolate crunch 120ml
ICE60,FRZ,SUNAO Chocolate Monaka 120ml
ICE60A,FRZ,Ice SUNAO Chocolate Monaka 82ml
ICE61,FRZ,Gari Gari kun(Muscat Flavour)  100ml
ICE62,FRZ,Gari Gari kun(AMAOU Strawberry Flavour)  110ml
ICE63,FRZ,Gari Gari kun(Choco chip Flavour)  110ml
ICE64,FRZ,Ice Parm Green tea Multi 6x55ml
ICE66,FRZ,Ice Choco Mint Bar 83ml
ICE67,FRZ,Ice Mitsu to Yuki (Green tea)150ml
ICE68,FRZ,Ice Yukimi Daifuku (Roasted tea flavour) 2pc 47ml
ICE69,FRZ,Ice Gari Gari kun (YOGHURT FLAVOUR) 110ml
ICE70,FRZ,Ice Gari Gari kun (KYUSHU ORANGE FLAVOUR) 110ml
ICE71,FRZ,Ice COOLISH - Calpis 140ml
ICE72,FRZ,Ice Mitsu to Yuki (Strawberry)150ml
ICE73,FRZ,Ice Tsujiri Macha Cone 36ml x 6
ICE74,FRZ,Ice Tsujiri Okoi Macha 45ml x 7
ICE75,FRZ,Ice Chocolate Sugar Cone -chocolate cone 36ml x 6
ICE76,FRZ,Ice Yawamochi Ice (Melon & Vanilla) 
ICE77,FRZ,Ice Tsujiri Matcha Busse 68ml
ICE78,FRZ,Ice Yukimi Daifuku(Green tea flavour)
ICE79,FRZ,Pino Colourful Assort 
ICE80,FRZ,Pino Green Tea
ICE81,FRZ,Ice Giant Cone (Dark Chocolate) 140ml
ICE82,FRZ,Ice Gari Gari kun (WHITE SOUR FLAVOUR) 110ml
ICE83,FRZ,Ice Gari Gari kun (SPORTS DRINK FLAVOUR) 110ml
ICE84,FRZ,Ice Parm Matcha Cheese Cake 90ml 
ICE85,FRZ,Ice Giant Cone (Rich Chocolate) 140ml
ICE86,FRZ,Ice Gari Gari kun(GRAPE FLAVOUR)  100ml
IMV02,FRZ,Dried Anchovy 50g
IMV03,DRY,Butan Gas 220g
ITM01,FRZ,Frozen Yellowfin Tuna Steak Cut (100g-150g)
ITM02,FRZ,Frozen Yellowfin Tuna Hazai  (10g-100g)
ITM03,FRZ,Frozen Yellowfin Tuna Saku AA
ITM04,FRZ,Frozen Yellowfin Tuna Saku AAA
ITM05,FRZ,Frozen Bigeye Tuna Saku AA
ITM06,FRZ,Frozen Bigeye Tuna Saku AAA
ITM07,FRZ,Frozen Sodeika Saku (200g-500g)
ITM08,FRZ,Frozen Swordfish Belly (Meka Jiki Harami Belly)
ITM09,FRZ,Frozen Sashimi Cuttlefish (300g-500g)
ITM10,FRZ,Frozen Sashimi Cuttlefish (500g-1000g)
ITM11,FRZ,Frozen Sashimi Cuttlefish (1000g-2000g)
ITM12,FRZ,Frozen Sashimi Cuttlefish (2000g-3000g)
ITM13,FRZ,Frozen Bluefin Tuna Saku A (Chutoro)
ITM14,FRZ,Frozen Bluefin Tuna Saku B (Otoro)
ITM15,FRZ,Fresh Yellow Tuna Loin
ITM16,FRZ,Frozen Squid Slice 12g
JET4,DRY,Senkyaku Banrai TF-Q-01 Docket Book
JET5,DRY,Large Restaurant SF-Q-01 Docket Book
JET6,DRY,Takeaway SF-T-02S Docket Book
JET8,DRY,Large Size Restaurant Docket Book SF-T-01
JET8a,DRY,Large Size Restaurant Docket Book SF-T-01
JET9,DRY,Large Size Restaurant Docket Book LR93 replacement of SF-T-01
JF02Fa,FRZ,HAMAMATSU GYOZA 20G/1.2KG(60P)
JF09F,DRY,HAMAMATSU GYOZA 20G 12pack/240G
JF18,DRY,HAMAMATSU GYOZA 30G/1.2KG(40P)
JF22,DRY,Nagai Roasted seaweed 42/100 sheets JFC special price
JF26,FRZ,Nigiri Yasai Kakiage 
JFT06,FRZ,Frozen Sliced Lotus Root 3mm 500g
JFT08a,DRY,Akita Komachi Rice 10kg
JFT19,FRZ,JFT Aji Fry 60g (Breaded Mackerel Fillet)
JNS01Aa,DRY,Black Rice ( Product of Korea)
JP09,FRZ,Frozen Marinated Octopus 1kg (Takowasa) 
JP10,DRY,Uchibori Grain Vinger 20L
JT05,DRY,Paper Napkin (KURA)
JT08A,DRY,Fry Mix (NT2.5)
JT1019,DRY,JAPAICE Organic Yuzu Pepper 40g
JT1021,DRY,Milled Rice(HOKKAIDO NO KOME) 5kg
JT1022,DRY,Milled Rice(TOYAMA UOZU KOSHIHIKARI)  5kg
JT1023,DRY,Milled Rice(TOYAMA UOZU KOSHIHIKARI)  2kg
JT103,DRY,Retort Boiled Noodle 150g
JT1033,DRY,Green Onion Oil
JT1034,DRY,Retort Boiled Noodle 150g　x 90pc
JT1037,DRY,Light brown Sugar (San on to) 30kg
JT1058,DRY,Moukoou Kansui　500g
JT1058A,DRY,Moukoou Kansui　500g
JT1064,DRY,Mintia Aqua Spark 7g
JT1065,DRY,Mintia Calpico 7g
JT1067,DRY,Non Alcoholic Drink Asahi Dry Zero 350ml
JT1079,DRY,Yamashin Soy Sauce -Tokkyu 360ml
JT1087,DRY,Milled Rice (FUKKURINKO) 5kg(HOKKAIDO NO KOME Package)
JT1127,DRY,GoGo no Kocha　Lemon Tea 500ml 
JT1132,DRY,Golden Curry Extra Hot 198g 
JT1158,DRY,Japanese Sticky Rice Kagami Mochi 150g
JT1159,DRY,Japanese Sticky Rice Kagami Mochi 250g
JT1160,DRY,Japanese Sticky Rice Kagami Mochi 350g
JT1168,DRY,Liquid Malted Rice (KOJI)  10L
JT1173,DRY,Kansui Red Carbonate  12kg
JT1174,DRY,Kansui Blue Carbonate  12kg
JT1181,DRY,Glass bin WMK-100TC
JT1182,DRY,Flip top cap 63RTS-Dcap Silver Diamond
JT1183,DRY,Glass bin SSG-100B　
JT1184,DRY,Re-Hcap Black
JT126,DRY,Sanshou 12g (Japanese Pepper)
JT157,DRY,Japanese Lemonade 200ml
JT167,DRY,Rice Container SP-20D Body & Lid
JT221,DRY,Japanese Mustard 43g
JT249,DRY,Plastic Tray Gyoza 10-1A(Lid)
JT250,DRY,Plastic Tray Gyoza 16Kai(Lid)
JT251,DRY,Milled Rice (Yaehara) 2kg
JT252,FRZ,Onigiri Nori Sheet
JT253,DRY,Milled Rice (Yaehara) 5kg
JT256,DRY,Roasted Green Tea 100g IYEMON Sencha
JT27,DRY,Dried Bonito Flake 500g  
JT342,DRY,Curry Powder 2kg
JT360,DRY,Skewer 10.5cm 250pc
JT380,DRY,Miso Dipping Sauce (Spicy) 100g
JT393,DRY,Plastic Bag MUJI
JT394,DRY,Plastic Bag TSUKUNE 770PC
JT395A,DRY,Plastic Bag TERIYAKI CHICKEN 2kg
JT395B,DRY,Plastic Bag TERIYAKI CHICKEN 2kg
JT396A,DRY,Plastic Bag TERIYAKI BEEF 2kg
JT396B,DRY,Plastic Bag TERIYAKI BEEF 2kg
JT408,DRY,Japanese Green Tea SENCHA 1kg LO-A
JT413,DRY,Milled Rice (KAZUSA KOSHIHIKARI) 5KG
JT414,DRY,Plastic PACK ML-6H
JT423,DRY,Can for Seaweed Big
JT424,DRY,Can for Seaweed Small
JT436,DRY,BBQ Galvanised Mesh 24.5cm 
JT445,DRY,Japanese Soup (Bonito) 1kg (500gx2)
JT449,DRY,Japanese Confectionery Hi-Chew (Strawberry) 
JT45,DRY,Miso Zuke no Moto1kg
JT450,DRY,Japanese Confectionery Hi-Chew (Grape) 
JT451,DRY,Japanese Confectionery Hi-Chew (Green Apple) 
JT456,DRY,Rice PACKage (Hikari Komachi 5kg)
JT458,DRY,Ina Agar L(Jelly powder mix) 500g
JT459,DRY,Malted Rice-Steamed(MIYAKO KOJI) 500g
JT46,DRY, 
JT46A,DRY,Rice Vineger Mild 20lt (TF) No design
JT473,DRY,Lunch Box H-151-31
JT480,DRY,Milled Rice(Miyagi)  2kg 17.01.05
JT486,DRY,Roasted Green Tea Powder 5kg HOUJICHA
JT48a,DRY,Roasted Sesame White 1kg   
JT504,DRY,Aluminium Bag (Green Tea 500g)
JT510,DRY,Green Tea Powder HAGOROMO 20g
JT524,DRY,Milled Rice (FUKKURINKO) 5kg
JT526,DRY,Milled Rice (YUMEPIRIKA) 5kg
JT527,DRY,Milled Rice (YUMEPIRIKA) 2kg
JT528,DRY,Milled Rice (NANATSU BOSHI) 5kg
JT529,DRY,Milled Rice (NANATSU BOSHI) 2kg
JT536,DRY,Non Alcoholic Drink  ASAHI DRY ZERO Free 350ml
JT539,FRZ,Seasoned Dried Gourd Strips
JT540,DRY,Matcha Genmai-Cha (TB)　(1.5g/1000p)
JT544,DRY,Rice Jar Net (L) 100cm x 100cm
JT560,DRY,Rice Container SP-20D Body
JT561,DRY,Rice Container SP-20D Lid
JT567,DRY,Fermented Soybean Paste (Nagasaki Miso)
JT568,DRY,super Vinegar 20L
JT600,DRY,JAPANESE GREEN TEA Genmai-Cha 10g x 100P
JT632,DRY,Plastic Container TY-1 Body
JT633,DRY,Plastic Container TY-1 Lid KUMA
JT634,DRY,Plastic Container TY-1 Lid NEKO
JT635,DRY,Plastic Container TY-1 Lid PANDA
JT636,DRY,Plastic Container TY-2 Body
JT637,DRY,Plastic Container TY-2 Lid DOBUTSU
JT638,DRY,Plastic Container AJIRO Body
JT639,DRY,Plastic Container AJIRO Lid 
JT640,DRY,Plastic Container AJIRO Partition
JT641,DRY,Plastic Container TSR Body
JT642,DRY,Plastic Container TSR Lid 
JT643,DRY,Plastic Container TSR  CHU Body
JT644,DRY,Plastic Container TSR CHU Lid 
JT645,DRY,Plastic Container AJIRO Small Body
JT646,DRY,Plastic Container AJIRO Small Lid 
JT649,DRY,Milled Rice(KOSHIHIKARI from Niigata pref) 2kg
JT650,DRY,Milled Rice(KOSHIHIKARI from Niigata pref) 5kg
JT651,DRY,Ramen Soup Kyushu Flavour 1.8L
JT652,DRY,BBQ Galvanised Mesh Dome 28cm x 0.2cm
JT698,DRY,Smoked Soy Sauce
JT699,DRY,Yuzu Salt 1kg
JT701,DRY,BBQ Galvanised Mesh Dome (Thick)28cm x 0.17cm
JT837,DRY,kaneko Soy Sauce (Special Blend) 20L
JT838,DRY,kaneko Light Soy Sauce 20L
JT873,DRY,Grape Jelly Pouch 20g×6
JT875,DRY,Apple & Grape Jelly Pouch 20g×12
JT930,DRY,Non Alcoholic Drink All-Free Beer 350ml
JT932,DRY,Muscat Grape Jelly Pouch 20g×6
JT936,DRY,Muscat & Orange Jelly Pouch 20g×12
JT951,DRY,Candied Citrus Peel (YUZU) 1kg
JT982A,DRY,Soy sauce Oyster Flavour 18L
K02,FRZ,Kaniashi Chirashi
K08A,FRZ,Saba Hiraki Boshi 280g Head Off (SFA31)
K12,DRY,Aka Kamaboko (SFA08)
K13,DRY,Oden NABE-S (SFA27)
K15,DRY,Naruto Maki (SFA07)
K16,FRZ,Yasai Tempura f/cake (SFA09)
K17,FRZ,Uogashi Age (SFA10)
K18,FRZ,Ika Rikyu (SFA11)
K19,FRZ,Koban Age (SFA12)
K20,FRZ,Chikuwa Kitanoryoba (SFA14)
K22,FRZ,Ika Maki (SFA18)
K23,FRZ,Gobo Maki (SFA20)
K24,FRZ,Age Ball (SFA21)
K31,FRZ,Large Kanikama Roll (Bulk pack) 15kg (SFA33)
K32,FRZ,Kanikama 18cm  (35pc) (SFA34)
K33,FRZ,Hanpen M size (SFA35)
KB01e,FRZ,Prawn Gyoza
KB15e,FRZ,Scallop Roe off  3S( 41-50pc/kg) N Hokkaido
KB16e,FRZ,Scallop Roe off 4S 51/60pc/kg N Hokkaido
KB24,FRZ,Goat Cheese & Beetroot GF Pattie
KFP01a,DRY,CJ Freshway CORN MALT SYRUP
KFP01b,DRY,CJ Freshway CORN MALT SYRUP
KONO01,FRZ,Premium dry Noodle Red 140
KONO02,FRZ,Medium Straight Noodle Green 140
KONO03,FRZ,Medium Wavy Noodle Yellow 140
KONO04,FRZ,Medium Straight Noodle Green 150
KONO07,FRZ,Medium Noodle Purple 120 (Hakata)
KSG01,DRY,Rice Pack Z20-20D (TF)
KSG02,DRY,Rice Pack Z40-20D
KSG03,DRY,Bamboo Leaves (3000)
KSG06,DRY,Kyogi sheet
KU08,FRZ,Yari Ika Slice 10g
KU11,FRZ,Ika somen LABELED 250g
KU22A,FRZ,Shime Saba Slice 10g (V / SABA)
KU24A,FRZ,Saba Fillet 1kg pack
KU24B,FRZ,Saba Fillet 1kg (CTN)
KU27,FRZ,Yari Ika Slice 12g
KU33A,FRZ,Amaebi PTO(M)
KU45,FRZ,Frozen Raw Butterfly Saba
KU54,FRZ,Frozen Raw Greenland Halibut Slice 8g
KU57,FRZ,Frozen Shime Saba Fillet Skin On with Zuke Sauce
KU58,DRY,Frozen Raw Butterfly Tail on Pink Shrimp
KU60,FRZ,Frozen Mackerel Fillet with Zuke (Sliced Fillet Saba Zuke)
KU71,FRZ,Frozen Surf Clam Butterfly Cut 7g
KU72,FRZ,Saba (Mackerel ) Fillet - B&T 220-270g 1kg Pack
KU73,FRZ,Saba (Mackerel ) Fillet - (L) 160-210g  1kg Pack
KUB24B,FRZ,Saba Fillet 1kg (CTN)
KYJ02,FRZ,Frozen Scallops Meat 3S
KYJ03,FRZ,Frozen Scallops Meat 4S
KYJ07,FRZ,Vinegared Mackerel Fillet
KYJ08,FRZ,Frozen Seared Bonito (TATAKI) Perilla Soy Garlic Flavour
KYJ09,DRY,Frozen Seared Albacore Tuna (TATAKI) Yuzu Citrus Flavour
KYJ100,FRZ,FROZEN BONELESS JAPANESE BEEF(EYE ROUND)
KYJ101,FRZ,FROZEN BONELESS JAPANESE BEEF(SILVER SIDE)
KYJ102,FRZ,FROZEN TUNA SAKU - OTORO -(BF) (Half Cut)
KYJ103,FRZ,FROZEN BONELESS JAPANESE BEEF (SHORT RIB)
KYJ104,FRZ,FROZEN BONELESS JAPANESE BEEF (SHORT PLATE)
KYJ105,FRZ,FROZEN BONELESS JAPANESE BEEF (RUMP)
KYJ106,DRY,Retort Curry Sauce (SAMURAI CURRY) 150g
KYJ107,FRZ,FROZEN YAKISOBA NOODLES 150g
KYJ14,FRZ,Frozen Boiled Salted Baby Japanese Anchovy
KYJ14black,FRZ,Frozen Boiled Salted Baby Japanese Anchovy (Black Label)
KYJ14Black,FRZ,Frozen Boiled Salted Baby Japanese Anchovy
KYJ14small,FRZ,Frozen Boiled Salted Baby Japanese Anchovy
KYJ19,FRZ,Japanese Whole Octopus
KYJ24,FRZ,Forzen Mini Cake (Green Tea Flavour) 
KYJ29,FRZ,Frozen Dried Skate 500g
KYJ30,FRZ,Frozen Crumbed Croquet (Vegetable)
KYJ32,FRZ,Frozen Alfonsino Slice 8g
KYJ33,FRZ,Red Bean Cake (Jumbo)/ Dorayaki 250g
KYJ33A,FRZ,Red Bean Cake (Jumbo)/ Dorayaki 200g
KYJ34,FRZ,Red Bean Cake / Dorayaki with Chestnut 200g
KYJ34A,FRZ,Red Bean Cake / Dorayaki with Chestnut 180g
KYJ36,FRZ,Grilled Rice Ball
KYJ37,FRZ,Frozen Boiled ISHIGAKI Clams
KYJ38A,FRZ,Frozen Straw Grilled Yellow Tail(Skinless/Boneless) (200-450g/pc)
KYJ39,FRZ,Frozen Straw Grilled Bonito (Skinless/Boneless)
KYJ40,FRZ,Frozen Wave Ramen Noodles (Half)
KYJ42A,FRZ,Frozen Deep Fried Beancurd  5PC
KYJ46,FRZ,Frozen Puree White Peach
KYJ47,FRZ,Frozen Fish Cake  (Red)
KYJ48,FRZ,Frozen Fish Cake  (White)
KYJ51,FRZ,Frozen Crumbed Croquette (Seafood)
KYJ53,FRZ,Seasoned Octopus 1kg
KYJ54,FRZ,SEASONED CUTTLEFISH (MATCHA & AOSA SEAWEED) 500g
KYJ55,FRZ,FROZEN VINEGARED MACKEREL FILLET- Perilla Flavour
KYJ56,FRZ,FROZEN SEASONED FLYING FISH ROE 400g
KYJ57,FRZ,Frozen Mushroom NAMEKO 500g
KYJ58,FRZ,FROZEN SALT MARINATED SQUID
KYJ60,FRZ,FROZEN TUNA SAKU -BULK-
KYJ61,FRZ,FROZEN TUNA SAKU - OTORO -
KYJ62,FRZ,FROZEN TUNA SAKU - CHUTORO -
KYJ63,FRZ,FROZEN TUNA SAKU - AKAMI -
KYJ65,FRZ,Frozen Ataka Mackerel 5L Bulk
KYJ66,FRZ,FROZEN SALTED PACIFIC HERRING ROE
KYJ67,FRZ,FROZEN PREPARED PACIFIC HERRING ROE
KYJ68,FRZ,BAKED FISH CAKE
KYJ69,FRZ,FROZEN ROLLED CONGER EEL
KYJ70,FRZ,FROZEN SEASONED HERRING WITH SEAWEED
KYJ71,FRZ,FROZEN FISH CAKE (WHITE) / KAMABOKO (OSECHI)
KYJ72,FRZ,FROZEN FISH CAKE (RED) / KAMABOKO (OSECHI)
KYJ73,FRZ,SIMMERED SWEET BLACK BEANS (TANBA)
KYJ79,FRZ,FROZEN BREADED OYSTER 25g (Okayama)
KYJ80,FRZ,FROZEN BREADED OYSTER 35g (Okayama)
KYJ81,FRZ,JAPANESE SWEETS (WARABI MOCHI GREEN TEA) 500g
KYJ82,FRZ,FROZEN MINCED TUNA 500g
KYJ83NG,FRZ,FROZEN SEA URCHIN (A Grade) 
KYJ83Repack,FRZ,FROZEN SEA URCHIN (A Grade) 
KYJ84Repack,FRZ,FROZEN SEA URCHIN (B Grade)
KYJ85,FRZ,FROZEN BONELESS JAPANESE BEEF (SILVER SIDE)
KYJ86,FRZ,FROZEN BONELESS JAPANESE BEEF (TOP SIDE)
KYJ87,FRZ,FROZEN BONELESS JAPANESE BEEF (RUMP)
KYJ88,FRZ,FROZEN BONELESS JAPANESE BEEF (KNUCKLE)
KYJ89,FRZ,FROZEN BONELESS JAPANESE BEEF (SHORT RIB)
KYJ90,FRZ,FROZEN BONELESS JAPANESE BEEF (SHORT PLATE)
KYJ91,FRZ,FROZEN BONELESS JAPANESE BEEF (BRISKET)
KYJ93,FRZ,FROZEN BONELESS JAPANESE BEEF (KNUCKLE)
KYJ93-101,FRZ,Frozen Boneless Japanese Beef
KYJ94,FRZ,FROZEN BONELESS JAPANESE BEEF(TRI-TIP)
KYJ95,FRZ,FROZEN BONELESS JAPANESE BEEF(RUMP)
KYJ96,FRZ,FROZEN BONELESS JAPANESE BEEF(RUMP CAP)
KYJ97,FRZ,FROZEN BONELESS JAPANESE BEEF(TOP SIDE)
KYJ98,FRZ,FROZEN BONELESS JAPANESE BEEF(TOP ROUND CAP)
KYJ99,FRZ,FROZEN BONELESS JAPANESE BEEF(HEEL)
LDF01,FRZ,Frozen Vegetable Spring Rolls 18g (ST) 52pc
LDF02,FRZ,Frozen Vegetable Spring Rolls 18g (SF) 52pc
LDF03,FRZ,Frozen Soybean Spring rolls 25g
LM,FRZ,Home Made Udon
LTF01,DRY,Dried Onion
LTF02,FRZ,Dried Garlic
LUF01,FRZ,Breaded Surimi Crab Stick 18cm
LUF02,FRZ,Breaded Surimi King Crab Claw  1kg (ST)
LUF03,FRZ,Breaded Surimi King Crab Claw  1kg
LUF04,FRZ,SURIMI FILAMENT CRAB STICK
MAN01aRepack,FRZ,Frozen Fresh Garlic 500g　
MAN01FRESH,FRZ,Frozen Fresh Garlic 500g　
Manpuku,FRZ,Manpuku Pallet
Mar-03,FRZ,Frozen Surf Clam and Seafood Salad
MAR03A,FRZ,Frozen Surf Clam and Seafood Salad
MATSURI,FRZ,Matsuri Pallet (including other items)
MAU01a,DRY,Kangaroo Flour(Noodle Floour)25kg
MDR03,DRY,Vital Wheat Gluten 25kg
MDR04,DRY,Ethanol 95HG
MFI03A,FRZ,Frozen boiled octopus slice 8g (50P)
MFI04A,DRY,Frozen boiled octopus slice 10g (50P)
MFI05,FRZ,Frozen boiled octopus cut 4-7g - SHIMA- yellow label
MFI09,FRZ,Frozen roasted sea eel (hamo cut)
MFI10,FRZ,Frozen saury 410g (Range: 410 - 450g)  
MFI11,FRZ,Frozen saury 380g (Range: 380 - 420g) 
MFI12,FRZ,Frozen boiled octopus cut 4-7g - IKISHIME- 
MFI13,FRZ,Frozen Karaage Octopus (wild caught)
MFK08d,FRZ,Squid Cut Rings U/10 IQF
MGF01,FRZ,Organic Soybean Wholegrain Graded-791
MKF08d,FRZ,Squid Cut Rings U/10 IQF
MKF25b,FRZ,Whole Sublefish Size 5/7 (Black Cod)
MKF26,FRZ,Scallops Roe off 23/27 Nth Hok IQ( 4s )
MKF27,FRZ,BT Cooked Nobashi Ebi 26/30
MON01,FRZ,Sanwa Scallops 3S 41-50pc/kg (L)
MON02,FRZ,Scallops 4S 51-60pc/kg
MON04,FRZ,FROZEN SCALLOPS(IQF)MEAT 5S
MPM5,FRZ,Breaded Oyster Meat 10 x 500g
MQA01a,FRZ,Frozen Semi Dried Tomato
MQA01A,FRZ,Frozen Semi Dried Tomato
MQA02,FRZ,Frozen Bruschetta Mix
MT130,FRZ,Beef Tongue Skin/off Whole
MT133,FRZ,Beef Tongue Slice (Red Tape)
MYO02,DRY,Pure Vegetable Oil BIB JULY 2
MYO03,DRY,Pure Vegetable Oil  S65 Apr 11
MYO04A,DRY,BIB PACKING - Long Card Board-
MYO04B,DRY,BIB PACKING - Square Card Board-
MYO04C,DRY,BIB PACKING - Blue Bag-
NCG01,FRZ,Frozen Scallops (IQF) Meat - Roe Off 3S
NCG05,FRZ,Frozen Sardine Cut Open IQF
NCG07A,FRZ,Frozen Octopus Leg
NCG08,FRZ,Frozen Sardine Fillet IQF (SASHIMI GRADE)
NCG10,FRZ,FROZEN BOILED SCALLOP - ROE ON
NCG11,FRZ,Frozen Scallops (IQF) Meat - Roe Off 4S
NCG12,FRZ,Frozen Boiled Yellowtail Flake
NEV01,FRZ,Salmon Roe Salted 500g (NEVADA)
NEV01A,FRZ,Salmon Roe Salted 600g / 9Jar  5.4KG (NEVADA)
NEV01LowQuality,FRZ,Salmon Roe Salted 500g (NEVADA)
New Code Required,DRY,Ramune (Lemonade)
NF01,DRY,Dusting Powder VD320
NF05,DRY,Breader VR1080BR
NF06,DRY,Batter VM560
NFS10b,FRZ,CRAB CREAMY CROQUETTE 40G
NFS14a,FRZ,QP Aojiso Dressing 1L
NFS29,FRZ,Champion Dover Premium Flour 20kg
NFS30,DRY,Sangaria Ramune 200ml
NFS36,DRY,Bulldog Pork Sauce 1.8L
NFS38a,DRY,Yamasa Konbu Ponzu 1.0L
NFS414a,DRY,QP AOJISO DORESSING 1L
NFS42,FRZ,Azuma Food Tobiko Orange
NFS46,DRY,Champion Trophy premium noodle flour
NFS46a,DRY,Champion Trophy premium noodle flour
NFS46b,DRY,Champion Trophy premium noodle flour
NFS47REPACK,FRZ,Fish Fry repacked for ST 55g repacked NFS
NFS49,DRY,Calpis Can 335ml/24
NFS49a,DRY,Calpis Can 335ml/24
NFS50a,DRY,Spring Water 600mL
NFS50b,DRY,Spring Water 600mL
NMI10,FRZ,EEL (Frozen Rosted Eel) Broken Vacuum
NML08a,DRY,Hon Mirin Alcohol14% 18L
NML08b,DRY,Hon Mirin Alcohol14% 18L
NML09a,DRY,RYORI SHU 18L
NML09b,DRY,RYORI SHU 18L
NML14c,DRY,Tuna Flake in Brine 3.12kg
NML14d,DRY,Tuna Flake in Brine 3.12kg
NML15,DRY,Brown Rice 25kg Sunrice
NML15a,DRY,Brown Rice 25kg Sunrice
NML20,FRZ,Tuna Saku 4star sushi Fresh (NTC)
NML22,FRZ,Ground Tuna 5KG
NML24,FRZ,NTC Eel Kabayaki 30P (Bulk)
NML27,DRY,Kombu Dashi Base(LQD)1L Maruhachi S
NML28,FRZ,Tobiko Orange 500g Japan
NML28a,FRZ,Tobiko Orange 500g Japan
NS02,DRY,NS-FRESH Wheat Flour JAN 4
NS06,DRY,NS-GREEN PANDA Wheat Flour
Nul01,DRY,Methylated Spirits 5L
Nul02,DRY,BLEACH 6% 5L
Nul03,DRY,BLITZ NEUTRAL FLOOR CLEANER 5L
NW10,FRZ,Frozen Nama Ebi Tempura 3L (42.5g)
NW14,FRZ,Frozen Catfish Fry with Mayonnaise
NW15,FRZ,Frozen Nama Ebi Tempura L (32g)
NW16,FRZ,Frozen Nama Ebi Tempura 4L (48.5g)
NW18,FRZ,Frozen Nama Ebi Tempura ML (28g)
NW19,FRZ,Frozen Nama Ebi Tempura M (23g)
NW20,FRZ,Frozen Nama Ebi Tempura S (18g) 
NW21,FRZ,Frozen Ebi Fry 32g (16/20)
NW23,FRZ,Frozen Karaage Shrimp (1kgx10)
NW24,FRZ,Frozen Crispy Wheat Bits (1kgx10) 60-70sec
NW25,FRZ,Frozen Crispy Wheat Bits (500g x20) 60-70sec
NW26,FRZ,Frozen Par-Fried Nama Ebi Tempura 3L (42.5g)
NW27,FRZ,Frozen Par-Fried Nama Ebi Tempura L (32g)
NW28,FRZ,Frozen Par-Fried Nama Ebi Tempura ML (28g)
NW29,FRZ,Frozen Par-Fried Nama Ebi Tempura M (23g)
OCI07,FRZ,Crumbed Prawn Patties (with Onion) Green Band
OCI08,FRZ,Crumbed Prawn Patties (Without Onion) Red Band
OCI09,FRZ,Frozen Raw Stretched Crumbed Prawns 8/12 3L
OCI17,FRZ,Frozen Crumbed Prawn Patties 40g
OCP,FRZ,Frozen Ncek Meat Prawn (Vannamei)
OCP06a,FRZ,Sunro Red Spot Carb Half-Cut 31/40
OCP23n,FRZ,Nobashi Ebi 21-25 Vannamei Sushi Factory
OCP39,FRZ,Sunro Vannamei Prawn Cutlets 21/25
OCP40,FRZ,"Frozen ""A"" Grade Mullep Roe 10kg"
OCP48,FRZ,"""NO BRAND"" Crumbed Prawn Patties Vannamei 23g KST"
OCP65,FRZ,Nobashi Ebi 26-30 Vannamei 
OCP65Aa,FRZ,Vanamei Prawn Meat 51/60. IQF(95%NW)
OCP66b,FRZ,Nobashi Ebi 26-30 Vannamei Jun Pacific
OCP67a,FRZ,Nobashi Ebi 21-25 Vannamei NTC
OCP69,FRZ,Vannamei Prawn Meat Broken 40/90 10x 800g IQF
OKF01,FRZ,Sushi Ebi Broken 250g
OKF02,FRZ,Sushi Ebi Dice Cut　71/90
OKF03,FRZ,Sushi Ebi 7L
OKF05,FRZ,Sushi Ebi 6L
OLS04,DRY,Safety Shoese(aqua Neo)
OLS33,DRY,Galvanised Steel Mesh 39.8ｘ19.8cm 
OLS34,DRY,Galvanised Steel Mesh 20cm
OLS35,DRY,Smoked vinegar 11L
OLS37,DRY,Dry Net 3 layer
OLS38,DRY,Rubber Shoes for Ladies
OLS39,DRY,Rubber Sandals
OLS50,DRY,Scale 3kg
OLS53,DRY,Scale 5kg
OLS54,DRY,Plastic cup for shaved ice
OLS82,DRY,Double Timer T-551WT
OP04,FRZ,Boneless Beef Stripon
OP07c,FRZ,OP/Cooked Baby Clam 31-40
OP07d,DRY,OP/Cooked Baby Clam 31-40
OP14a,FRZ,COOKED BABY CLAM 31-40/600G
OP14b,DRY,COOKED BABY CLAM 31-40/600G
OPJ02C,FRZ,Seaweed Salad BV (No MSG)
OPJ15,FRZ,Imitation Shark Fin
OPJ20,FRZ,Roasted Asari 1kg
OPJ21,FRZ,Frozen Shreded Seaweed 1kg
OTK105,FRZ,Frozen Seasoned Chilli Fish Roe (Alaska Pollack) - Metai Ko Tube 500g
OTK118,FRZ,Panapp Multi Pack (Ice Cream)
OTK128,FRZ,Frozen Boiled Noodles (TokuToku)
OTK130,FRZ,Frozen Black Cod Neck Meat
OTK14,FRZ,Hanasaki Shigure
OTK150A,FRZ,Frozen Yakisoba Noodle (Boiled)
OTK151,FRZ,Frozen Yakisoba Noodle with Sauce
OTK159,FRZ,Shortening
OTK162A,FRZ,Frozen Baked Egg RENEWAL
OTK173,FRZ,Frozen Wasabi 800g
OTK177,FRZ,Frozen Sauted Onion Dice
OTK190A,FRZ,Gari Gari kun (Soda flavour) 110ml
OTK193A,FRZ,Gari Gari kun (Coke flavour) 110ml
OTK194A,FRZ,Gari Gari kun (Grapefruit flavour)   110ml
OTK215,FRZ,Frozen Preboiled Salted Seaweed
OTK218,FRZ,Frozen Seaweed 500g
OTK239,FRZ,Frozen Seaweed(White Kombu)
OTK264,FRZ,Ice Parm Chocolate
OTK270,FRZ,Ice Papico choco coffee
OTK276,FRZ,Frozen Seasoned Fish Roe (Alaska　Pollack)
OTK277,FRZ,Frozen Seasoned Chili Fish Roe (Alaska Pollack)
OTK28,FRZ,Frozen Grilled Rice Cake
OTK281,FRZ,Japanese Citrus (Yuzu) Juice 20L
OTK281Repack,FRZ,Yuzu Juice
OTK282,FRZ,Green Tea Powder
OTK284,FRZ,Frozen Grated Wasabi
OTK285,FRZ,Seasoned Octopus
OTK286,FRZ,Frozen Breaded Fish Fillet
OTK286repack,FRZ,Frozen Breaded Fish Fillet (repack)
OTK286REPACK,FRZ,Frozen Breaded Fish Fillet repacked
OTK288,FRZ,(ST) Frozen Crumbed Corn Croquete
OTK291,FRZ,Frozen Sardine 
OTK298,FRZ,Japanese Plum NANKOBAI
OTK30,DRY,Cooked Bean Curd (40pc) JYUBEI (ST)
OTK301,FRZ,Frozen Mashuroom MAITAKE 200g
OTK302,FRZ,Frozen Mashuroom ENOKI 200g
OTK304,FRZ,Eringi Mushroom
OTK305,FRZ,Buna-Shimeji Mushroom
OTK306,FRZ,Chili Seasoned Fish Roe (TUBE)　(Alaska Pollack)  
OTK307,FRZ,Frozen Fermented Soybean Paste (AKADASHI)
OTK308,FRZ,Ice Super cup Vanilla 200ml
OTK30B,FRZ,Cooked Bean Curd (40pc) 豆福
OTK310,FRZ,Ice Super cup Choco Cookie 200ml
OTK311,FRZ,Ice Super cup Mini Vanilla 90ml x 6
OTK312,FRZ,Ice Super cup Mini Cookie Vanilla 90ml x 6
OTK315,FRZ,Ice GOLD Azuki Bar 85ml
OTK346,FRZ,Fermented Soybean Paste(Maru-mu Inaka 375g)
OTK348,FRZ,Fermented Soybean Paste(Organic White Miso 500g)
OTK354,FRZ,Sushi Rice in Seasoned Beancurd Inari Sushi (5pc) 40g
OTK356,FRZ,COOLISH - Calpico flavour
OTK357,FRZ,FROZEN SOYBEEN PASTE (AKADASHI 500g)
OTK358,FRZ,Fermented Soybean Paste (White Miso – Shirokoshi S) 20kg 
OTK359,FRZ,MISO SAUCE FOR FISH 1kg
OTK360,DRY,Baked Shredded Egg Cake 500g
OTK361,FRZ,Fermented Soybean Paste(Ryotei No Aji Saikyo Miso 1kg)
OTK362,FRZ,Slice Ginger 1KG (3mm)
OTK363,FRZ,Frozen Squid (YARI IKA) SUGATA 12g
OTK37A,FRZ,Aji Goma 250g/pack/15pck/3/bundle
OTK53,DRY,Frozen Fermented Soybean-Umaiga Ichiban
OTK57,FRZ,Cooked Bean Curd (10pc)
OTK70,FRZ,Tonkotsu Soup Base
OTK80,FRZ,Rice Cake
OTK82,FRZ,"Dried Seaweed ""Konbu"""
OTK84,FRZ,Frozen Ginko Nuts
OTK99B,FRZ,Frozen Pre Boiled Seasoned Scalop M size
PAR08,DRY,BUBBLE BAG 4 10mm x 240mm X 360mm
Par09,DRY,BUBBLE BAG 2 10mm x 215mm X 300mm
PAR09,DRY,BUBBLE BAG 2 10mm x 215mm X 300mm
PAR12,DRY,82 L Roller Pack (Black Bin Bag)
PAR12a,DRY,82 L Roller Pack (Black Bin Bag)
PAR14,DRY,Rubber Band No.18
PAR15,DRY,TUFFEX Packaging Tape Clear
PAR16,DRY,Livingstone Powdered Latex Gloves BLUE M size
PAR17,DRY,Livingstone Powdered Latex Gloves BLUE L size
PAR18,DRY,Livingstone Powdered Latex Gloves BLUE S size
PCF01,DRY,Printed Vacuum Sealing bags (120micron)
PD01,DRY,Milled Rice (KINME) 4.525kg Blue bag
PD13,DRY,Tonkatsu Batter Mix
PD63,FRZ,Rice Seasoning
PD64A,DRY,Dried Seaweed Strips (Kizami Nori)
PF04,FRZ,Frozen Grated Wasabi
PF05,FRZ,Frozen Sliced Lotus Root
PF06,FRZ,Frozen Grated Yam
PF08,FRZ,Nanban Yaki Tare
PF19,FRZ,English Spinach in Roasted Sesame Sauce
PF26,FRZ,Frozen Soybeans (No Pods)
PF27A,FRZ,Frozen Udon Noodles (Yayoi)
PF27B,DRY,Frozen Udon Noodles (Yayoi)
PF31,DRY,Frozen Dried Atka Mackerel (Headless)
PLATE,DRY,PLATE
PRE01,FRZ,Pork Extract Ramen Stock (50) 5kg FRZ
QDO01,FRZ,Frozen Greenland Halibut fillets 90g
QDO03,FRZ,Frozen Red Fish Fillets 130-150g
QDO04,FRZ,Frozen Red Fish Fillets 150g-170g
QP01,DRY,QP Mayonnaise 1kg Thai AUG 3
QP03A,DRY,QP Roasted Sesame Sauce(NO MSG) AUG 1
QP05B,DRY,QP Mayonnaise Mini 12g Thai
QP06,DRY,QP Mayonnaise Mild Type 1kg
QP07,DRY,QP Reduced Fat Mayonnaise 1kg Thai
QP09,DRY,QP Mayonnaise Mild Type 10G JAN7
QP12,DRY,Egg Tray (20PC)
QSW01,DRY,Pre-fried Lotus Roots 400g
QSW02,DRY,Frozen Boiled Soybean (CHINA) 500g
QSW03,FRZ,Frozen Breaded Pollock Fillet 50g
QSW04,FRZ,Ground Garlic Cube 20g x 50pc
QSW05,DRY,Frozen Crumbled Croquette (Vegetable) 60g
QSW06,DRY,Roasted Peanuts with Chili 90g
QSW07,FRZ,Frozen Fried Tofu with Rice Cake 20g x 50pc
QSW08,FRZ,Frozen Roasted Chestnuts 10kg
QSW09,FRZ,Frozen Diced Truffle
QSW10,FRZ,Frozen Grated Yam POTATO 50g
QSW11,FRZ,Ground Garlic 
QSW12,FRZ,Ground Ginger
QSW13,DRY,OkonomiYaki (Vegetable )  200G
QSW14,FRZ,OkonomiYaki (Vegetable )  80G
QSW15,FRZ,Bamboo Leaf (28-30CM)
QSW16,FRZ,Bamboo Leaf (13.5CM) 
QSW17,FRZ,Frozen Spring Roll (Vegetable) 18g
RC05,DRY,Rice Cooker Hitachi RZ-DMD10Y Red
RED,DRY,Caramel PS 111 -30kg
RED02,DRY,CORN STARCH
Red02b,DRY,CORN STARCH
RED02c,DRY,CORN STARCH
Red03c,DRY,POTATO STARCH Polish (Green) POSTAR6500
RED03c,DRY,POTATO STARCH Polish (Green) POSTAR6500
RED05,DRY,White Sugar SUGMAN5100
RED05a,DRY,White Sugar SUGMAN5100
RED10,DRY,Caramel Neg D.S -30kg
RED11,DRY,Caramel PS 111 -30kg
RED12,DRY,White Sugar SUGMAN1030
RED13,DRY,White Sugar SUGMAN1900
RJE02b,FRZ,Lobster Salad
RJE07a,FRZ,Abalone Salad
RUM01Ad,FRZ,Salmon Roe 200g (BROKEN)
RUM01e,FRZ,Salmon Roe 500g
RUM02a,FRZ,Trout Roe 500g
RUM03a,FRZ,Salted Headless Frozen Herrings
RUM05,FRZ,(ST)Seasoned Salmon Caviar 500g
SAMPLE,FRZ,Sample Pallet ①
SC01,DRY,Powder Egg Yellow Colour 1kg
SDA207,FRZ,Asari 500g packet(For Plenus)
SDA290,FRZ,Saikyo miso Tooth Fish neck
SHF05,FRZ,Burdock (Shredded)  500g
SHF09,DRY,Okonomi yaki (Vegetable)  200g
SHF17,FRZ,Frozen Seasoned Fried Octopus 500g
SHF20,FRZ,Frozen Green Halibut Slice ( ENGAWA)
SHf22,FRZ,Frozen Spinach 500g(For Yayoi)
SHF22,DRY,Frozen Spinach IQF 500g
SIC02,FRZ,130ml Japanese Green Tea Icecream
SIC02Aa,FRZ,500ml Japanese Green Tea Icecream
SIC02Ba,FRZ,5L Japanese Green Tea Icecream
SIC03a,FRZ,130ml Black Sesame Icecream
SIC03Aa,FRZ,500ml Black Sesame Icecream
SIC03Ba,FRZ,5L Black Sesame Icecream
SIC04,FRZ,130ml Hojicha Icecream
SIC04Aa,FRZ,500ml Hojicha Icecream
SIC04Ba,FRZ,5L Hojicha Icecream
SIC05Ba,FRZ,5L Vanilla Beana Icecream
SIC07Ba,FRZ,5L Miso Caramel Icecream
SIC08Ab,FRZ,500ml Yuzu Sorbet
SIC08Ba,FRZ,5L Yuzu Sorbet
SIC09Ba,FRZ,5L Mango Sorbet
SIC11,FRZ,5L Choco 
SIC16,FRZ,5L Ice Container Tub 
SIF02,FRZ,FROZEN CUTTLEFISH SHUMAI 20G
SIF05,FRZ,FROZEN FISH GYOZA 20G
SM03A,DRY,Citron Honey Tea 
SM03Ab,DRY,Citron Honey Tea 
SM04b,DRY,Butane Gas 220g
SM05a,DRY,Portable Gas Cooker red 
SM05A,DRY,Portable Gas Cooker red 
SM06,DRY,Hot Pepper Paste
smile meat,FRZ,Ox tongue
SMT01,FRZ,Beef Tongue / Shar
SO04Aa,FRZ,NZ Scampi NO 3
SO10c,FRZ,NZ Scampi NO 5
SO15,FRZ,Salmon Loin Fillet Half
SO18,FRZ,Smoked machine cut trout 10x1kg
SO18A,FRZ,Smoked machine cut trout 20x1kg
SO21a,FRZ,Hotate 3S 18/23
SO22b,FRZ,Hotate 4S 23/27
SO23,FRZ,Frozen Albacore Tuna Loins (Bin Toro 1.0-1.5lb)
SO31a,FRZ,Sxcallop Meat roe off Argentina 120/150
SO32,FRZ,Soft Shell Crab Frozen 70/90 8/1kg (Burma)
SO33,FRZ,Black Cod H&G 5LB (Check Invoice)
SO34,FRZ,WA Scampi No3
SO35,FRZ,WA Scampi No5
SPL,FRZ,Mix veg
SPL165,FRZ,Frozen Karaage Octopus Cut
SPL325,DRY,Hokaido Rice 5kg (Sample)
SPL368,DRY,WU-13足付　本体
SPL369,DRY,WU-13(49)足付　本体
SPL370,DRY,T-WU-嵌合蓋
SPL371,DRY,T-WU-M蓋
SPL372,DRY,T-WU-H蓋
SPL465,FRZ,Frozen Yakisoba Noodles
SPL467,DRY, Chinese Cabbage 3mm~5mm Cut (Blanched)
SPL468,DRY, Chinese Cabbage 5cm Cut  (Blanched)
SPL470,DRY,Vietnamese Short Grain Rice  PP bag（DS1）
SPL534,DRY,Soy Sauce - Sendo Seikatsu Tokusan Marudaizu - 200ml
SPL536,DRY,Soy Sauce - Sendo Seikatsu Genen - 200ml
SPL592,FRZ,"Frozen Boiled Cabbage Slice/Sheet (3-5cm slice) (100°C,boil for 3mins)"
SPL596,DRY,Magic Five 500ml (Mayu Bottle)
SPL597,DRY,PE F69 sample (PET small)
SPL620,FRZ,Frozen Soybean KUROMAME (SLB) 500g
SPL624,FRZ,Fozen Boiled Ginkgo Nuts
SPL644,FRZ,Sample Japanese pepper
SPL645,FRZ,Sample Japanese pepper oil 
SPL646,FRZ,Sample Japanese Grated pepper sauce
SPL647,FRZ,Sample Japanese pepper- FUJI SANSHYO
SPL648,FRZ,Sample Japanese pepper oil -FUJI SANSHYO
SPL649,FRZ,Sample Japanese Grated pepper sauce-FUJI SANSHYO
ST01A,FRZ,Sushi Egg 25pack/ctn
ST01b,FRZ,Sushi Egg
ST01B,FRZ,NEW Sushi Egg 480g / 25pcs
ST04,FRZ,Sushi Egg Cgrade (Air bubbles)
ST05,FRZ,Sushi Egg 480g / 25pcs Bgrade
ST06,FRZ,Sushi Egg 480g / 25pcs (half cut)
SUSHI02,DRY,Home Made Plum Wine ( Production  03/06/19)
SUSHI03,DRY,Kono Food Noodle Tray
T01a,DRY,Jumbo Takoyaki 30g (6g)
T02b,DRY,Small Takoyaki 20g (2g)
T03a,DRY,Yasai kakiage with Prawn
T04B,FRZ,Ebi Tempura(21/25) 22pc
T05,DRY,New Ebi Tempura(31/35)
T06,DRY,Asparagus 3pcs Tempura
T07A,DRY,Nasu Tempura
T08A,DRY,Okura Tempura
T09A,FRZ,Carrot/Pumpukin Tempura
T10,FRZ,Okonomi Yaki 200g
T11A,DRY,"Okonomi Yaki 80g (Ebi,Ika,Tako)(8g)"
T17,FRZ,Mini Ebi Tempura
T19,FRZ,Mongo Ika Tempura 25g　(no salty taste)
T22A,FRZ,Sliced Okura (200g)
T24,FRZ,Nigiri Kakiage
T27,FRZ,Frozen cooked buttered  vegetables kakiage
T28,FRZ,New Ebi Tempura(31/35) Mini
T30,FRZ,Corn + Onion Tempura
T33,FRZ,"TF Okonomi Yaki 80g (Ebi,Ika,Tako)(4g)"
TaiK04B,FRZ,Silver Fish 8-10cm 900g/pack
Taik08,FRZ,Prawn Cutlet
TaiK14Ab,FRZ,Fresh Water Fish Fillet( BASA) 170/220 900g pack
Taik15,FRZ,Soft Shell Crab 50/70 (Burma)
TASP01,DRY,Tasmanian Pumpkin (Japanese Kabocha)
TCH01,FRZ,Seasoned Tofu Skin (AJITSUKE YUBA)
TCH02,FRZ,Grilled Tofu Skin Stick (YAKI YUBA MAKI)
TCH03,FRZ,Tofu Skin in Soy Milk (YUBA IN SOYMILK)
TF　Stock,FRZ,TF Stock MIX
TF01B,FRZ,Tsukune (Corn) (TF STOCK)
TF04,FRZ,Tori Tsukune non-Sauce 6pc
TF07A,FRZ,Japanese Style Karaage Chicken (Cooked) 250g
TF07AJFT,FRZ,Japanese Style Karaage Chicken (Cooked) 250g
TF10,FRZ,Beef Slice 1kg (Samsung)
TF100,FRZ,Hand made Ebi Shumai
TF11,FRZ,Pork Slice 2kg
TF14,FRZ,Deep Fried Pork Katsu (Cooked) 1pc
TF14AGG,FRZ,Deep Fried Pork Katsu (Cooked) 2pc
TF14JFT,FRZ,Deep Fried Pork Katsu (Cooked) 1pc
TF15,FRZ,Pork Loin Chashu (TF STOCK)
TF20,FRZ,Frozen Salted Salmon 3pc
TF20JT,FRZ,Frozen Salted Salmon 3pc X 10 pack (KG)
TF23,FRZ,Miso Marinated Black Cod 2-3pc
TF23JFT,FRZ,Miso Marinated Black Cod 2-3pc
TF23JT,FRZ,Miso Marinated Black Cod 2-3pc
TF34AJFT,FRZ,Salmon Roe In Soy sauce 500g Round
TF34ANFS,FRZ,Salmon Roe In Soy sauce 500g Round- Nevada Fresh
TF34B,FRZ,Salmon Roe In Soy sauce 500g Black
TF34C,FRZ,Salmon Roe In Soy sauce 500g Rectangle for (TF Stock) - Nevada Fresh
TF34JUN,FRZ,Salmon Roe In Soy sauce 500g Black
TF34JUN/DAIWA,FRZ,Salmon Roe In Soy sauce 500g Black
TF34NFS,FRZ,Salmon Roe In Soy sauce 500g Round
TF47,DRY,Teriyaki Sauce 1.5L (Orange cup)
TF48,DRY,Vinegar Sushi 18LT
TF49,DRY,Bread Crumbs Japanese Panko 200g
TF50,DRY,Brown rice 2kg
TF60,DRY,Organic Miso Paste 500g
TF61,FRZ,Wagyu Beef Tataki 
TF61SF,FRZ,SF Wagyu Beef Tataki
TF66,FRZ,Slowly Braised Prok Belly Commercial size
TF66A,FRZ,Slowly Braised Prok Belly Commercial size
TF66Material,FRZ,Material for Slowly Braised Prok Belly
TF71JFT,FRZ,Japanese Style Karaage Chicken (Cooked) 1kg
TF74,FRZ,Sliced Chasyu cooked for commecial use (TF STOCK)
TF74Bgrade,FRZ,Sliced Chasyu cooked for commecial use (TF STOCK) Bgrade
TF74HS,FRZ,Sliced Chasyu cooked for commecial use (TF STOCK)
TF77,FRZ,Rolled Pork Belly Chasyu Style uncooked (TF STOCK)
TF80A,FRZ,Japanese Style Curry 2KG
TF83,FRZ,Soft Dried Squid 125g
TF83A,FRZ,Soft Dried Squid 145g
TF83B,FRZ,Soft Dried Squid 170g
TF83C,FRZ,Soft Dried Squid 195g
TF83E,FRZ,Soft Dried Squid 280g
TF83F,FRZ,Soft Dried Squid 100g
TF83G,FRZ,Soft Dried Squid under 100g 
TF84,FRZ,Teriyaki Beef 2kg
TF84SAMPLE,FRZ,Sample Teriyaki Beef
TF85,DRY,Sample Teriyaki Chicken
TF88,FRZ,Frozen Crumbed Croquet (Vegetable) Repacked
TF89,DRY,Marinucci Premium Black PS 7x5 Tray
TF90,FRZ,Mayu Premium Black Garlic Oil  8 btl
TF90JFT,FRZ,Mayu Premium Black Garlic Oil
TF91,FRZ,Wagyu Beef Japanese Style Curry
TF91JFT,FRZ,Wagyu Beef Japanese Style Curry
TF96,FRZ,Minced Beef 
TF97,FRZ,Beef Tongue Skin/off Whole
TF98,FRZ,Beef Tongue Slice (Red Tape)
TF99,FRZ,Beef Tongue skin off For Miso (15 pc)
TFB25,FRZ,Chicken Karaage Marinated (Uncooked) 2kg Skin On (TF STOCK)
TFB26,FRZ,Chicken Karaage Marinated (Uncooked) 2kg Skin Off (TF STOCK)
TFB2A,FRZ,Japanese Style Curry 2KG (TF STOCK)
TFF01,DRY,Carry Bag     (S) T/A bag
TFF02,DRY,Carry Bag     (M) T/A bag
TFF03,DRY,Carry Bag     (L) T/A bag
TFF04,DRY,Wrap (S) 330mm x 600m
TFJ01,FRZ,JTP Frozen Shredded Burdock 
TFJ01JT,FRZ,Sasagaki Gobo 454g
TFJ05,DRY,Karaage Powder 2kg
TFJ16,FRZ,Frozen Boiled Taro Potato 454g
TFJ17NFS,FRZ,Chicken Katsu Stick 18cm
TFJ18,FRZ,Renkon Slice 1cm
TFJ18A,FRZ,Renkon Slice 3mm
TFL002,FRZ,Okonomiyaki Japanese Pan Cake 5pc NEW
TFL016JFT,FRZ,Japanese Style Egg Omelette 250g
TFL025,FRZ,Frozen Crumbed Prawn 10pc
TFL025JFT,FRZ,Frozen Crumbed Prawn 10pc
TFL036,DRY,Black Truffle oil 85g
TFM008JFT,FRZ,Frozen Intestine(Boiled) 200g
TFM014,FRZ,Slowly Braised Pork Belly
TFM024,FRZ,Crumbed Cutlet Wagyu Pork (Cooked) 2pc
TFS01,FRZ,Pork Katsu (TF STOCK)
TFS01UY,FRZ,Pork Katsu (TF STOCK)
TFS02,FRZ,TF MISO PASTE
TFS02A,FRZ,TF MISO PASTE 20kg
TFS03,FRZ,Rice Yeast
TFS04,FRZ,Unagi Broken Small
TFS04A,FRZ,Unagi Broken TRAY
TFW004,FRZ,Teriyaki Mackerel Ginger 
TF在庫,DRY,TF MISO PASTE
TGP02,DRY,Clear Bubble Bags 4
TGP03,DRY,Latex Low Powder Gloves Large
TGP06,DRY,Blue Latex Powdered Glove Large
TGP07,DRY,Clear Bubble Bags 2
TMK1,FRZ,Royal Red Prawn 
TMK3a,FRZ,IQF Butterfly Whiting 10-13cm
TMK4,FRZ,Crumbed single whiting  fillet
TMK6,FRZ,IQF Butterfly Whiting 9-10cm
TPM01,DRY,JAR BODY 500ml -White (500WP)
TPM02,DRY,JAR - LID 95mm -White (9530Wh) 
TRS01,FRZ,Breaded PDTO Vannamei Shrimp (Ebi Fry) 21g
TRS05,FRZ,Tempura Vannamei Shrimp 31/35
TRS06,FRZ,Tempura Vannamei Shrimp 26/30 (Type2)
TSK01,FRZ,Frozen Vegetable Gyoza
TSK02,FRZ,Frozen Tuna Gyoza
TSK03,FRZ,Japanese Sticky Rice Cake (Sakura Mochi) 50g
TSK06,FRZ,Japanese Mochi (Kashiwa)
TSK08,FRZ,Japanese Sticky Rice Cake(Ohagi - Sticky Rice)  60g
TSK09,FRZ,Japanese Sticky Rice Cake (Ohagi - Sticky Rice with Soybean powder) 60g
TSK10,FRZ,MINI TAIYAKI (Red Beans Paste)
TSK11,FRZ,MINI TAIYAKI (Custard Flavour)
TSK12,FRZ,MINI TAIYAKI (Green Tea)
TSK14,FRZ,MINI TAIYAKI (Vanilla)
TSK15,FRZ,MINI TAIYAKI (Caramel Flavour)
TSK16,FRZ,MINI TAIYAKI (Cheese Flavour)
TSK18,FRZ,White Rice Cake with Red Bean Paste 30g (sST)
TSK27,FRZ,MINI TAIYAKI (Custard Flavour) (Individual Pack) ST
TSK28,DRY,MINI TAIYAKI (Chocolate) (Individual Pack) ST
TSK32,FRZ,(ST) Japanese Ice Confectionery-Green Tea Flavour 
TSK33,FRZ,Japanese Ice Confectionery - Milk Tea Flavour
TSK34,FRZ,Japanese Ice Confectionery -Chocolate Flavour
TSK35,FRZ,Japanese Ice Confectionery -Green Tea Flavour 
TSK38,FRZ,Frozen Fermented Soybean-Hikiwari Natto 
TSK44,FRZ,Frozen Japanese Sweets  Mame Daifuku     60g
TSK45,FRZ,Frozen Japanese Sweets   Yomogi Daifuku 60g
TSK46,FRZ,Frozen Japanese Sweets   Kibi Daifuku 60g
TSK47,FRZ,Frozen Japanese Sweets   Kashiwa Mochi  70g
TSK48,FRZ,Frozen Japanese Sweets Ohagi - Sticky Rice -70g
TSK49,FRZ,Frozen Japanese Sweets Mojio Daifuku 80g
TSK50,DRY,Frozen Japanese Sweets Green Rice Cake with Red Bean Paste(YOMOGI) 30g (ST)
TSK51,FRZ,Japanese Sweets Rice Dumplings (Soy sauce) 180g
TSK52,FRZ,Japanese Sweets Rice Dumplings (Red Bean) 180g
TSK53,FRZ,Frozen Japanese Sweets Sakura Mochi70g
TSK54,FRZ,Frozen Wave Ramen Noodle 200g
TSK55,FRZ,Frozen Boiled Buckwheat Noodle SARASHINA 200g
TSK56,FRZ,Fried Tofu with Mixed Vegetables 80g
TSK57,FRZ,Fried Dough with Red Bean Paste KARINTO MANJU 27g
TSK58,FRZ,Fried Sweet Potato Stick Cut with Sesame 1000g
TSK59,FRZ, Deep Fried Beancurd Thick & Creamy -Cube-1000g
TSK60,FRZ,Deep Fried Beancurd  Thick & Creamy Triangle- 1000g
TSK61,FRZ,Seasoned Mixed Vegetable  KOMATSUNA 300g
TSK62,FRZ,MINI TAIYAKI (Custard Cream) 30g
TSK63,FRZ,MINI TAIYAKI (Hoji Tea) 30g
TSK64,FRZ,IMAGAWA YAKI (Red beans) 70g
TSK65,FRZ,Breaded Vegetarian Stick 500g
TT15,FRZ,Cooked Mountain Veg
TT16,FRZ,Seasoned Cooked Scallop Lips
TT18,FRZ,Seasoned Cooked Bamboo Shoot
TT24,FRZ,Frozen Prepared Mackerel Pike
TT25,FRZ,Frozen Seabass Tataki Slice
TT32,FRZ,"Frozen Salted Horse Mackerel 200g (Butterfly cut, Head-off)"
U18A,FRZ,Okura Tempura (UFP) 1kg
U19A,FRZ,Egg Plant Tempura (UFP) 1kg
U34,FRZ,MACKEREL SLICE WITH RICE WINE PASTE
U35,FRZ,MACKEREL SLICE WITH SOY BEAN PASTE
U36,FRZ,Frozen White Shrimp Fritter and Chilli Sauce
UKF06A,DRY,Tempura Mix (TM-49 500g) APR4 REPACKED
UKF06Arepack,DRY,Tempura Mix (TM-49 500g) APR4 REPACKED
UKF06B,DRY,Tempura Mix  500g  REPACKED
UKF07,DRY,Tempura Mix (TM-49) 15kg APR10
Univ,FRZ,Frozen Squid Heads
Univ02,FRZ,None
Univ10,FRZ,Saury Fish
Univ27e,FRZ,Soft Shell Crab 70/100 (Burma)
Univ27f,FRZ,Soft Shell Crab 70/100 (Burma)
Univ27g,DRY,Soft Shell Crab 70/100 (Burma)
Univ49a,FRZ,Toothfish Bellies 
Univ53a,FRZ,Toothfish Off Cut
Univ53b,FRZ,Toothfish Off Cut
Univ60c,FRZ,Unisea Frozen Crumbed Prawn 26/30
Univ61,FRZ,Unisea Frozen Crumbed Prawn 21/25
Univ63b,FRZ,Soft Shell Crab 50/70 (Burma)
Univ63c,FRZ,Soft Shell Crab 50/70 (Burma)
Univ63d,FRZ,Soft Shell Crab 50/70 (Burma)
Univ63e,FRZ,Soft Shell Crab 50/70 (Burma)
Univ63f,DRY,Soft Shell Crab 50/70 (Burma)
Univ64,FRZ,Soft Shell Crab 70/100 (Bangladesh)
Univ65,FRZ,Soft Shell Crab 100/120 (Burma)
Univ65a,FRZ,Soft Shell Crab 100/120 (Burma)
Univ65b,FRZ,Soft Shell Crab 100/120 (Burma)
Univ66,FRZ,Toothfish HGT; ES
VF01,FRZ,Yari Ika Slice 8g
VF02,FRZ,Yari Ika Slice 10g
VF03,FRZ,Yari Ika Slice 12g
VF05,FRZ,Yari Ika Somen 
VF06,FRZ,Squid Dice Cut
VF07,FRZ,Squid Tentacles 8g
VF08,FRZ,Takoyaki 20g (10%Tako)
VFK03,DRY,Dry Bread Crumb DEXLFP JAN4
VFK04,FRZ,Frozen  Bread Crumb 8mm WE8LFK 
VFK04A,FRZ,Frozen Bread Crumb 8mm 2KG
VFK05,FRZ,Frozen  Bread Crumb 12mm WEX2LFK 
VFK06,DRY,Dry Bread Crumb DEXLFP     1kg  OCT 19
VIS01c,DRY,Tsukune Box VISY 25pc/bdl
VIS02Ab,DRY,Teriyaki Chichen VISY  25pc/bdl
VIS03c,DRY,Chichen Katsu VISY 480 x 255 x 100 B/grade : 560K-C
VNR1,DRY,Vietnam Rice Blue (ST)  SEP 4
VNR10,DRY,Vietnam Rice (PLENUS) White Bag Thread
VNR3,DRY,Sticky Rice
VNR5,DRY,Vietnam Rice Yellow (TF) JUL 13
VNR6,FRZ,Vietnam Rice (Broken 25%) WHITE BAG
VNR7,DRY,Vietnam Short Grain Glutinous Rice (Sticky Rice) Blue Thread SEP23
VNR9,DRY,Dried Seasoned White Anchovy Roasted
VSE01,DRY,White Eva Boots (size 5)
VSE02,DRY,White Eva Boots (size 6)
VSE03,DRY,White Eva Boots (size 7)
VSE04,DRY,White Eva Boots (size 8)
VSE05,DRY,White Eva Boots (size 9)
VSE06,DRY,White Eva Boots (size 10)
VT01,DRY,Master Carton - Plain -
VT02,DRY,Carton Pad
VT03,DRY,Carton Blocker Pad 6.5 x 52.5cm
VT04,DRY,Carton Blocker Pad 6.5 x 33.3cm
WDY01,FRZ,Frozen Seasoned Japanese Jack Mackerel AJI TATSUTAAGE
YAM03,DRY,Frozen Farmented Soybean-TUU NO NATTOU
YCF01,FRZ,Sample Frozen Sliced Whelk Meat 7g
YCF02,FRZ,Sample Frozen Sliced Whelk Meat 10g
YHF03,DRY,Seasoned Mixed Vegetable 1kg (Plain)
YHF04,FRZ,Frozen Ginger Paste 500g
YHF05,FRZ,Frozen Sugar Snap Peas 500g
YHF06,DRY,Seasoned Mixed Vegetable 250g
YHF07,FRZ,Deep Fried Burdock
YHF07A,DRY,Deep Fried Burdock 500g
YHF08,DRY,Frozen Sauteed Diced Onion
YHF09,DRY,Frozen Spinach IQF 
YHF10,FRZ,"Frozen Boiled Diced Cailflower (0.5*0.5cm) (100°C,boil for 3mins)"
YM01A,DRY,T/A Soy sauce APR15
YM03,DRY,Unagi Tare 小売用
YM05,DRY,Wster Sauce 小売用 JAN5
YM06,DRY,Tonkatsu Sauce 業務用 APR5
YM07,DRY,Wster Sauce 業務用
YM12,DRY,Okonomiyaki Sauce (Yamamori)
YM13,DRY,Sesame Sauce (Yamamori)
YM19,DRY,Tempura Mix Powder
YM20,DRY,Unagi Tare (NO MSG) AUG 8
YM21,DRY,RoastSesame Dressing 220ml AUG 5
YM22,DRY,RoastSesame Dressing 500ml AUG 5
YM23,DRY,RoastSesame Dressing 1L AUG 5
YM25,DRY,Retorted Seasoned Mountain Vegetable Mix(150g)
YM27,DRY,Unagi Tare (Vegetarian)  NOV 10
YM28,DRY,Teriyaki Sauce (Vegetarian) AUG 5
YM29,DRY,(ST)Teriyaki Sauce 12ml Sachet (Vegetarian)
YMT01,DRY,Special Soy Sauce for Chicken
YMT02,DRY,Special Soy Sauce for Beef
YMT03,DRY,Sweet Chili Sauce 2.4kg (2L) (ST)
YMT04,DRY,Sweet Chili Sauce 2.4kg (2L) (SF)
YMT05,DRY,Sushi Sashimi Soy Sauce  2.2kg
YS01,DRY,Yamasa Soy Sauce 18L  NOV 1
YS02,DRY,Konbu Tsuyu 1.8L JUNE19
YS03,DRY,Coke 375ml Can
YS05,DRY,Konbu Tsuyu 1L JUNE10
YS06,DRY,Konbu Tsuyu 500ml JUNE 10
YS07,DRY,Soy Sauce 1L
YS08,DRY,Soy Sauce 500ml AUG 20
YS09,DRY,Mini Soy Sauce 5ml AUG 19
YS10,DRY,Soy Sauce Table Bottle 150ml
YS14,DRY,Konbu Tsuyu 300ml JUNE 10
YS15,DRY,Soy Sauce 1.8l x 6 JUNE 10
YS16,DRY,Sushi Soy Sauce 200ml x 12 JUNE 10 
YS17,DRY,Sashimi Soy Sauce 200ml x 12 JUNE 10
YS18,DRY,Organic Soybeans Soy Sauce　500ml
YS19,DRY,Less salt Soy Sauce 1L JUNE 10
YS20,DRY,Less salt Soy Sauce 500ml JUNE 10
YS24,DRY,Kokumi Tsuyu 1.8L
YS26,DRY,Konbu Shoyu 500ml
YS29,DRY,Tennen Jyozo Sashimi Tamari 150ml JUNE 10
YS33A,DRY,Seasoning Sauce (Kombu Ponzu) 1L
YS37B,DRY,Calendar  NOV 20
YS38,DRY,Soy Sauce Sushi Train 10L
YS39,DRY,Dispenser Glass Bottle (ST)
YS40,DRY,Dispenser Green Cap
YS41,DRY,Dispenser Black Cap
YS42,DRY,Tamari Soy Sauce 500ml (Gluten Free) AUG 20
YS43,DRY,Seasoning Sauce (Marunama Oroshi Ponzu) 360ml AUG 20
YS44,DRY,Seasoning Sauce (Marunama Ponzu) 360ml
YS46,DRY,Dispenser Glass Bottle(NB)
YS47,DRY,Dispenser Red Cap
YS48,DRY,Sanjirushi Gluten Free Soy Sauce 18L
YS49,DRY,Soy Sauce - Sendo Seikatsu Tokusen Marudaizu - 600ml  NOV 20
YS50,DRY,Soy Sauce - Sendo Seikatsu Genen - 600ml AUG 20
YS51,DRY,Organic Soy Sauce 500ml AUG 20
YS52,DRY,Soy Sauce - Sendo Seikatsu Genen - 200ml  NOV 20
YS53,DRY,Soy Sauce - Sendo Seikatsu Tokusen Marudaizu - 200ml AUG 20
YS54,DRY,Seasoning Sauce (Vegetalbe Udon Tsuyu) 1.8L  NOV 18
YZ22,FRZ,FROZEN ROASTED MACKEREL YZ
YZL02a,DRY,Fish Shape Soy Sauce 3ml x 500 Red cap
YZL02b,DRY,Fish Shape Soy Sauce 3ml x 500 Red cap
YZL02c,DRY,Fish Shape Soy Sauce 3ml x 500 Red cap
YZL05,DRY,Mini Wasabi 3g 
YZL07Ab,DRY,SILVER ROASTED SEAWEED 100SHEETS
YZL07b,DRY,SILVER ROASTED SEAWEED 100SHEETS
ZN01,FRZ,Tenderloin GFYG
ZN02,FRZ,Beeg Flank Steak GFYG
ZN03,FRZ,Beef Inside Skirt GFYG
ZN04,FRZ,Intercostal Pieces 
ZN05,FRZ,Beef Skirt Thick
ZN06,FRZ,Beef Skirt Thin
ZN07,FRZ,Beef Tongue Swiss Cut 900g & Over
